userPlantName,cleanedPlantName,sciName,genus,itis_id,rank,notes,isConifer
Maple,Maple,Acer,Acer,28727,genus,,0
Trident maple,Trident maple,Acer buergerianum,Acer,837859,species,,0
Hedge maple,Hedge maple,Acer campestre,Acer,28739,species,,0
Florida maple,Florida maple,Acer floridanum,Acer,183691,species,,0
Amur maple,Amur maple,Acer ginnala,Acer,28741,species,,0
Chalk maple,Chalk maple,Acer leucoderme,Acer,28761,species,,0
Bigleaf maple,Bigleaf maple,Acer macrophyllum,Acer,28748,species,,0
Acer negundo,Acer negundo,Acer negundo,Acer,28749,species,,0
Boxelder,Boxelder,Acer negundo,Acer,28749,species,,0
Black maple,Black maple,Acer nigrum,Acer,182135,species,,0
Japanese maple,Japanese maple,Acer palmatum,Acer,182136,species,,0
Striped maple,Striped maple,Acer pensylvanicum,Acer,28754,species,,0
Norway maple,Norway maple,Acer platanoides,Acer,28755,species,,0
Red maple,Red maple,Acer rubrum,Acer,28728,species,,0
Silver maple,Silver maple,Acer saccharinum,Acer,28757,species,,0
Sugar maple,Sugar maple,Acer saccharum,Acer,28731,species,,0
Acer x freemanii,Acer x freemanii,Acer X freemanii,Acer,500949,species,,0
Horned maple,Horned maple,Acer diabolicum,Acer,837851,species,,0
Southern sugar maple,Southern sugar maple,Acer saccharum,Acer,28731,species,,0
Buckeye,Buckeye,Aesculus,Aesculus,28714,genus,,0
Ohio buckeye,Ohio buckeye,Aesculus glabra,Aesculus,28718,species,,0
Aesculus hippocastanum,Aesculus hippocastanum,Aesculus hippocastanum,Aesculus,28721,species,,0
Aesculus parviflora,Aesculus parviflora,Aesculus parviflora,Aesculus,28722,species,,0
Bottlebrush buckeye,Bottlebrush buckeye,Aesculus parviflora,Aesculus,28722,species,,0
Red buckeye,Red buckeye,Aesculus pavia,Aesculus,28723,species,,0
Yellow buckeye,Yellow buckeye,Aesculus flava,Aesculus,837871,species,,0
Ailanthus,Ailanthus,Ailanthus,Ailanthus,28826,genus,,0
Alder,Alder,Alnus,Alnus,19466,genus,,0
Hazel alder,Hazel alder,Alnus serrulata,Alnus,19468,species,,0
Speckled alder,Speckled alder,Alnus incana,Alnus,19471,species,,0
Serviceberry,Serviceberry,Amelanchier,Amelanchier,25108,species,,0
Common serviceberry,Common serviceberry,Amelanchier arborea,Amelanchier,25110,species,,0
Amelanchier laevis,Amelanchier laevis,Amelanchier laevis,Amelanchier,182046,species,,0
Pacific madrone,Pacific madrone,Arbutus menziesii,Arbutus,23627,species,,0
Dwarf pawpaw,Dwarf pawpaw,Asimina pygmea,Asimina,18114,species,,0
Pawpaw,Pawpaw,Asimina triloba,Asimina,18117,species,,0
Baccharis halimifolia,Baccharis halimifolia,Baccharis halimifolia,Baccharis,35682,species,,0
Birch,Birch,Betula,Betula,19478,genus,,0
Betula spp.,Betula,Betula,Betula,19478,genus,,0
Yellow birch,Yellow birch,Betula alleghaniensis,Betula,19481,species,,0
Black birch,Black birch,Betula lenta,Betula,19487,species,,0
Sweet birch,Sweet birch,Betula lenta,Betula,19487,species,,0
White birch,White birch,Betula minor,Betula,183534,species,,0
River birch,River birch,Betula nigra,Betula,19480,species,,0
Paper birch,Paper birch,Betula papyrifera,Betula,19489,species,,0
Gray birch,Gray birch,Betula populifolia,Betula,19497,species,,0
Heartleaf birch,Heartleaf birch,Betula cordifolia,Betula,195222,species,,0
Buxus,Buxus,Buxus,Buxus,28022,genus,,0
Callicarpa americana,Callicarpa americana,Callicarpa americana,Callicarpa,32144,species,,0
Calycanthus,Calycanthus,Calycanthus,Calycanthus,18139,species,,0
Eastern sweetshrub,Eastern sweetshrub,Calycanthus floridus,Calycanthus,18142,species,,0
Camellia,Camellia,Camellia,Camellia,500689,genus,,0
Hornbeam,Hornbeam,Carpinus,Carpinus,19503,genus,,0
American hornbeam,American hornbeam,Carpinus caroliniana,Carpinus,19504,species,,0
Blue beech,Blue beech,Carpinus caroliniana,Carpinus,19504,species,,0
Carpinus,Carpinus,Carpinus,Carpinus,19504,species,,0
Carpinus caroliniana,Carpinus caroliniana,Carpinus caroliniana,,19504,species,,0
Hickory,Hickory,Carya,Carya,19223,genus,,0
Bitternut hickory,Bitternut hickory,Carya cordiformis,Carya,19227,species,,0
Pignut hickory,Pignut hickory,Carya glabra,Carya,19231,species,,0
Pecan,Pecan,Carya illinoinensis,Carya,19234,species,,0
Shellbark hickory,Shellbark hickory,Carya laciniosa,Carya,19235,species,,0
Nutmeg hickory,Nutmeg hickory,Carya myristiciformis,Carya,19239,species,,0
Shagbark hickory,Shagbark hickory,Carya ovata,Carya,19242,species,,0
Mockernut hickory,Mockernut hickory,Carya tomentosa,Carya,19247,species,,0
American chestnut,American chestnut,Castanea dentata,Castanea,19454,species,,0
Chinese chestnut,Chinese chestnut,Castanea mollissima,Castanea,501318,species,,0
Catalpa,Catalpa,Catalpa,Catalpa,34312,genus,,0
Southern catalpa,Southern catalpa,Catalpa bignonioides,Catalpa,34313,species,,0
Northern catalpa,Northern catalpa,Catalpa speciosa,Catalpa,34315,species,,0
Oriental bittersweet,Oriental bittersweet,Celastrus orbiculatus,Celastrus,506068,species,,0
Hackberry,Hackberry,Celtis,Celtis,19039,genus,,0
Sugarberry,Sugarberry,Celtis laevigata,Celtis,19042,species,,0
Common buttonbush,Common buttonbush,Cephalanthus occidentalis,Cephalanthus,34786,species,,0
Eastern redbud,Eastern redbud,Cercis canadensis,Cercis,25782,species,,0
Chinese quince,Chinese quince,Chaenomeles sinensis,Chaenomeles,565928,species,,0
Atlantic white-cedar,Atlantic white-cedar,Chamaecyparis thyoides,Chamaecyparis,18046,species,,0
White-cedar,White-cedar,Chamaecyparis thyoides,Chamaecyparis,18046,species,,1
Fragrant wintersweet,Fragrant wintersweet,Chimonanthus praecox,Chimonanthus,NA,species,,0
Fringetree,Fringetree,Chionanthus,Chionanthus,32948,genus,,0
Kentucky yellowwood,Kentucky yellowwood,Cladrastis kentukea,Cladrastis,26539,species,,0
Dogwood,Dogwood,Cornus,Cornus,27798,genus,,0
Alternate-leaf dogwood,Alternate-leaf dogwood,Cornus alternifolia,Cornus,27813,species,,0
Silky dogwood,Silky dogwood,Cornus amomum,Cornus,27799,species,,0
Roughleaf dogwood,Roughleaf dogwood,Cornus drummondii,Cornus,27807,species,,0
Flowering dogwood,Flowering dogwood,Cornus florida,Cornus,27806,species,,0
Stiff dogwood,Stiff dogwood,Cornus foemina,Cornus,27802,species,,0
Kousa dogwood,Kousa dogwood,Cornus kousa,Cornus,507498,species,,0
Big-leaf dogwood,Big-leaf dogwood,Cornus macrophylla,Cornus,896096,species,,0
Cornelian-cherry dogwood,Cornelian-cherry dogwood,Cornus mas,Cornus,565094,species,,0
Cornus mas,Cornus mas,Cornus mas,Cornus,565094,species,,0
Cornus stolonifera,Cornus stolonifera,Cornus sericea,Cornus,501637,species,,0
Redosier dogwood,Redosier dogwood,Cornus sericea,Cornus,501637,species,,0
Weeping knoss dogwood,Weeping knoss dogwood,Cornus kousa,Cornus,507498,species,,0
Grey dogwood,Grey dogwood,Cornus racemosa,Cornus,501635,species,,0
Hazelnut,Hazelnut,Corylus,Corylus,19505,genus,,0
American hazelnut,American hazelnut,Corylus americana,Corylus,19506,species,,0
Beaked hazel,Beaked hazel,Corylus cornuta,Corylus,19507,species,,0
Hawthorn,Hawthorn,Crataegus,Crataegus,24539,genus,,0
Broadleaf hawthorn,Broadleaf hawthorn,Crataegus dilatata,Crataegus,24555,species,,0
Fanleaf hawthorn,Fanleaf hawthorn,Crataegus flabellata,Crataegus,24561,species,,0
Washington hawthorn,Washington hawthorn,Crataegus phaenopyrum,Crataegus,24593,species,,0
Cyrilla racemiflora,Cyrilla racemiflora,Cyrilla racemiflora,Cyrilla,23449,species,,0
Bush honeysuckle,Bush honeysuckle,Diervilla,Diervilla,35309,genus,,0
Persimmon,Persimmon,Diospyros,Diospyros,23853,genus,,0
Common persimmon,Common persimmon,Diospyros virginiana,Diospyros,23855,species,,0
Edgeworthia chrysantha,Edgeworthia chrysantha,Edgeworthia chrysantha,Edgeworthia,512730,species,,0
Russian-olive,Russian olive,Elaeagnus angustifolia,Elaeagnus,27770,species,,0
Russian olive,Russian olive,Elaeagnus angustifolia,Elaeagnus,27770,species,,0
Autumn olive,Autumn olive,Elaeagnus umbellata,Elaeagnus,27776,species,,0
Euonymus alatus,Euonymus alatus,Euonymus alatus,Euonymus,27946,species,,0
European spindletree,European spindletree,Euonymus europaeus,Euonymus,27949,species,,0
Yeddo euonymous,Yeddo euonymous,Euonymus hamiltonianus,Euonymus,894989,species,,0
Beech,Beech,Fagus,Fagus,19461,genus,,0
American beech,American beech,Fagus grandifolia,Fagus,19462,species,,0
European beech,European beech,Fagus sylvatica,Fagus,502590,species,,0
Fagus sylvatica,Fagus sylvatica,Fagus sylvatica,Fagus,502590,species,,0
Japanese knotweed,Japanese knotweed,Fallopia japonica,Fallopia,565897,species,,0
Speckled japanese aralla,Speckled japanese aralla,Fatsia japonica,Fatsia,505935,species,,0
Ficus,Ficus,Ficus,Ficus,19081,species,,0
Fig,Fig,Ficus,Ficus,19081,species,,0
Florida forestiera,Florida forestiera,Forestiera segregata,Forestiera,32959,species,,0
Forsythia,Forsythia,Forsythia,Forsythia,32961,species,,0
Ash,Ash,Fraxinus,Fraxinus,32928,species,,0
White ash,White ash,Fraxinus americana,Fraxinus,32931,species,,0
Carolina ash,Carolina ash,Fraxinus caroliniana,Fraxinus,32941,species,,0
Black ash,Black ash,Fraxinus nigra,Fraxinus,32945,species,,0
Green ash,Green ash,Fraxinus pennsylvanica,Fraxinus,32929,species,,0
Gardenia,Gardenia,Gardenia,Gardenia,35159,genus,,0
Huckleberry,Huckleberry,Gaylussacia,Gaylussacia,23659,genus,,0
Gaylussacia baccata,Gaylussacia baccata,Gaylussacia baccata,Gaylussacia,23660,species,,0
Ginkgo,Ginkgo,Ginkgo,Ginkgo,183264,genus,,0
Honeylocust,Honeylocust,Gleditsia,Gleditsia,26711,genus,,0
Carolina silverbell,Carolina silverbell,Halesia carolina,Halesia,23864,species,,0
Halesia tetraptera,Halesia tetraptera,Halesia tetraptera,Halesia,502868,species,,0
Witch hazel,Witch hazel,Hamamelis virginiana,Hamamelis,19033,species,,0
witch-hazel,witch-hazel,Hamamelis virginiana,Hamamelis,19033,species,,0
Hamamelis virginiana,Hamamelis virginiana,Hamamelis virginiana,Hamamelis,19033,species,,0
Ozark witch hazel,Ozark witch hazel,Hamamelis vernalis,Hamamelis,19032,species,,0
Rose of sharon,Rose of sharon,Hibiscus syriacus,Hibiscus,21638,species,,0
Raisin,Raisin,Hovenia dulcis,Hovenia,28554,species,,0
Hydrangea,Hydrangea,Hydrangea,Hydrangea,24194,genus,,0
Hydrangea quercifolia,Hydrangea quercifolia,Hydrangea quercifolia,Hydrangea,24200,species,,0
Oakleaf hydrangea,Oakleaf hydrangea,Hydrangea quercifolia,Hydrangea,24200,species,,0
Possumhaw,Possumhaw,Ilex decidua,Ilex,27998,species,,0
Ilex glabra,Ilex glabra,Ilex glabra,Ilex,27981,species,,0
Mountain holly,Mountain holly,Ilex montana,Ilex,28002,species,,0
Mountain winterberry,Mountain winterberry,Ilex montana,Ilex,28002,species,,0
Catberry,Catberry,Ilex mucronata,Ilex,835359,species,,0
American holly,American holly,Ilex opaca,Ilex,27982,species,,0
Ilex verticillata,Ilex verticillata,Ilex verticillata,Ilex,27985,species,,0
Winterberry,Winterberry,Ilex verticillata,Ilex,27985,species,,0
Ilex vomitoria,Ilex vomitoria,Ilex vomitoria,Ilex,27986,species,,0
Itea virginica,Itea virginica,Itea virginica,Itea,24202,species,,0
Virginia sweetspire,Virginia sweetspire,Itea virginica,Itea,24202,species,,0
Walnut,Walnut,Juglans,Juglans,19248,genus,,0
Black walnut,Black walnut,Juglans nigra,Juglans,19254,species,,0
Kalmia latifolia,Kalmia latifolia,Kalmia latifolia,Kalmia,23677,species,,0
Mountain laurel,Mountain laurel,Kalmia latifolia,Kalmia,23677,species,,0
Kalopanax septemlobus,Kalopanax septemlobus,Kalopanax septemlobus,Kalopanax,565257,species,,0
Golden rain tree,Golden rain tree,Koelreuteria elegans,Koelreuteria,503285,species,,0
Koelreuteria paniculata,Koelreuteria paniculata,Koelreuteria paniculata,Koelreuteria,503286,species,,0
Crepe myrtle,Crepe myrtle,Lagerstroemia indica,Lagerstroemia,27110,species,,0
Tamarack,Tamarack,Larix laricina,Larix,183412,species,,1
Leucothoe axillaris,Leucothoe axillaris,Leucothoe axillaris,Leucothoe,23550,species,,0
Privet,Privet,Ligustrum,Ligustrum,32973,genus,,0
Japanese privet,Japanese privet,Ligustrum japonicum,Ligustrum,503449,species,,0
Common privet,Common privet,Ligustrum vulgare,Ligustrum,32980,species,,0
Olive quihoui,Olive quihoui,Ligustrum quihoui,Ligustrum,32978,species,,0
Quihoui,Quihoui,Ligustrum quihoui,Ligustrum,32978,species,,0
Spicebush,Spicebush,Lindera,Lindera,18146,genus,,0
Common spicebush,Common spicebush,Lindera benzoin,Lindera,18147,species,,0
Lindera benzoin,Lindera benzoin,Lindera benzoin,Lindera,18147,species,,0
Northern spicebush,Northern spicebush,Lindera benzoin,Lindera,18147,species,,0
Sweetgum,Sweetgum,Liquidambar styraciflua,Liquidambar,19027,species,,0
Tulip poplar,Tulip poplar,Liriodendron tulipifera,Liriodendron,18086,species,,0
Tuliptree,Tuliptree,Liriodendron tulipifera,Liriodendron,18086,species,,0
Yellow-poplar,Yellow-poplar,Liriodendron tulipifera,Liriodendron,18086,species,,0
Tanoak,Tanoak,Lithocarpus densiflorus,Lithocarpus,19464,species,,0
Honeysuckle,Honeysuckle,Lonicera,Lonicera,35281,genus,,0
Lonicera hispidula var. vacillans,Lonicera hispidula var. vacillans,Lonicera hispidula var. vacillans,Lonicera,528895,species,,0
Lonicera japonica,Lonicera japonica,Lonicera japonica,Lonicera,35283,species,,0
Amur honeysuckle,Amur honeysuckle,Lonicera maackii,Lonicera,35298,species,,0
Tatarian honeysuckle,Tatarian honeysuckle,Lonicera tatarica,Lonicera,35306,species,,0
Maackia amurensis,Maackia amurensis,Maackia amurensis,Maackia,506254,species,,0
Osage orange,Osage orange,Maclura pomifera,Maclura,19102,species,,0
Magnolia,Magnolia,Magnolia,Magnolia,18069,genus,,0
Southern magnolia,Southern magnolia,Magnolia grandiflora,Magnolia,18074,species,,0
Umbrella magnolia,Umbrella magnolia,Magnolia tripetala,Magnolia,18077,species,,0
Sweetbay,Sweetbay,Magnolia virginiana,Magnolia,18070,species,,0
Loebner magnolia,Loebner magnolia,Magnolia X loebneri,Magnolia,NA,species,,0
Merrill magnolia,Merrill magnolia,Magnolia X loebneri,Magnolia,NA,species,,0
Cucumber magnolia,Cucumber magnolia,Magnolia acuminata,Magnolia,18071,species,,0
Fraser magnolia,Fraser magnolia,Magnolia fraseri,Magnolia,18073,species,,0
Mountain or fraser magnolia,Mountain or fraser magnolia,Magnolia fraseri,Magnolia,18073,species,,0
Apple,Apple,Malus,Malus,25254,genus,,0
Malus,Malus,Malus,Malus,25254,genus,,0
Southern crab apple,Southern crab apple,Malus angustifolia,Malus,25255,species,,0
Southern crabapple,Southern crabapple,Malus angustifolia,Malus,25255,species,,0
Sweet crab apple,Sweet crab apple,Malus coronaria,Malus,25257,species,,0
Oregon crab apple,Oregon crab apple,Malus fusca,Malus,25258,species,,0
Prairie crab apple,Prairie crab apple,Malus ioensis,Malus,25259,species,,0
Malus siberica,Malus siberica,Malus baccata,Malus,25256,species,,0
Malus sargentii,Malus sargentii,Malus sargentii,Malus,507499,species,,0
Morella caroliniensis,Morella caroliniensis,Morella caroliniensis,Morella,507898,species,,0
Southern bayberry,Southern bayberry,Morella caroliniensis,Morella,507898,species,,0
Morella cerifera,Morella cerifera,Morella cerifera,Morella,507899,species,,0
Wax myrtle,Wax myrtle,Morella cerifera,Morella,507899,species,,0
Red bay,Red bay,Morella rubra,Morella,845182,species,,0
Myrica cerifera,Myrica cerifera,Morella cerifera,Morella,507899,species,,0
Mulberry,Mulberry,Morus,Morus,19064,genus,,0
White mulberry,White mulberry,Morus alba,Morus,19066,species,,0
Black mulberry,Black mulberry,Morus nigra,Morus,19069,species,,0
Red mulberry,Red mulberry,Morus rubra,Morus,19070,species,,0
Clerya,Clerya,Unknown,Unknown,NA,genus,possibly Cleyera?,0
Arrowwood,Arrowwood,Viburnum,Viburnum,35249,genus,,0
Arrowwood viburnum,Arrowwood viburnum,Viburnum,Viburnum,35249,genus,,0
Nandina domestica,Nandina domestica,Nandina domestica,Nandina,18848,species,,0
Tupelo,Tupelo,Nyssa,Nyssa,27820,genus,,0
Water tupelo,Water tupelo,Nyssa aquatica,Nyssa,27824,species,,0
Black gum,Black gum,Nyssa sylvatica,Nyssa,27821,species,,0
Blackgum,Blackgum,Nyssa sylvatica,Nyssa,27821,species,,0
Hophornbeam,Hophornbeam,Ostrya,Ostrya,19508,genus,,0
Eastern hophornbeam,Eastern hophornbeam,Ostrya virginiana,Ostrya,19511,species,,0
Sourwood,Sourwood,Oxydendrum arboreum,Oxydendrum,23690,species,,0
Persian ironwood,Persian ironwood,Parrotia persica,Parrotia,895220,species,,0
Redbay,Redbay,Persea borbonia,Persea,18149,species,,0
Common ninebark,Common ninebark,Physocarpus opulifolius,Physocarpus,25282,species,,0
Blue spruce,Blue spruce,Picea pungens,Picea,183307,species,,0
Spruce pine,Spruce pine,Pinus glabra,Pinus,183342,species,,1
Monterey pine,Monterey pine,Pinus radiata,Pinus,183372,species,,1
Eastern white pine,Eastern white pine,Pinus strobus,Pinus,183385,species,,1
Virginia pine,Virginia pine,Pinus virginiana,Pinus,183394,species,,1
Mountain ash,Mountain ash,Piptocarpha tetrantha,Piptocarpha,38860,species,,0
Sycamore,Sycamore,Platanus,Platanus,19019,genus,,0
American sycamore,American sycamore,Platanus occidentalis,Platanus,19020,species,,0
Podocarpus,Podocarpus,Podocarpus,Podocarpus,183488,genus,,0
Balsam poplar,Balsam poplar,Populus balsamifera,Populus,22453,species,,0
Bigtooth aspen,Bigtooth aspen,Populus grandidentata,Populus,22463,species,,0
Quaking aspen,Quaking aspen,Populus tremuloides,Populus,195773,species,,0
Trembling aspen,Trembling aspen,Populus tremuloides,Populus,195773,species,,0
Cherry,Cherry,Prunus,Prunus,24762,genus,,0
Cherry and plum,Cherry and plum,Prunus,Prunus,24762,genus,,0
Chokecherry,Chokecherry,Prunus,Prunus,24762,genus,,0
Wild cherry,Wild cherry,Prunus,Prunus,24762,genus,,0
American plum,American plum,Prunus americana,Prunus,24763,species,,0
Sweet cherry,Sweet cherry,Prunus avium,Prunus,24770,species,,0
Sour cherry,Sour cherry,Prunus cerasus,Prunus,24773,species,,0
Cherry laurel,Cherry laurel,Prunus laurocerasus,Prunus,24786,species,,0
Prunus maritima,Prunus maritima,Prunus maritima,Prunus,24790,species,,0
Japanese apricot,Japanese apricot,Prunus mume,Prunus,506231,species,,0
Pin cherry,Pin cherry,Prunus pensylvanica,Prunus,24799,species,,0
Peach,Peach,Prunus persica,Prunus,24765,species,,0
Black cherry,Black cherry,Prunus serotina,Prunus,24764,species,,0
Kwanzan cherry,Kwanzan cherry,Prunus serrulata,Prunus,506233,species,,0
Weeping cherry,Weeping cherry,Prunus subhirtella,Prunus,565436,species,,0
Wafer ash,Wafer ash,Ptelea trifoliata,Ptelea,28992,species,,0
Buffalo nut,Buffalo nut,Pyrularia pubera,Pyrularia,504705,species,,0
Pear,Pear,Pyrus,Pyrus,25294,genus,,0
Callery pear,Callery pear,Pyrus calleryana,Pyrus,504706,species,,0
Pyrus pyrifolia,Pyrus pyrifolia,Pyrus pyrifolia,Pyrus,25296,species,,0
Oak,Oak,Quercus,Quercus,19276,genus,,0
California live oak,California live oak,Quercus agrifolia,Quercus,19289,species,,0
White oak,White oak,Quercus alba,Quercus,19290,species,,0
Swamp white oak,Swamp white oak,Quercus bicolor,Quercus,19300,species,,0
Scarlet oak,Scarlet oak,Quercus coccinea,Quercus,19288,species,,0
Southern red oak,Southern red oak,Quercus falcata,Quercus,19277,species,,0
Chinese evergreen oak,Chinese evergreen oak,Quercus glauca,Quercus,845168,species,,0
Scrub oak,Scrub oak,Quercus ilicifolia,Quercus,19358,species,suggested change to 'bear oak' due to ambiguity,0
Shingle oak,Shingle oak,Quercus imbricaria,Quercus,19359,species,,0
Turkey oak,Turkey oak,Quercus laevis,Quercus,19367,species,,0
Laurel oak,Laurel oak,Quercus laurifolia,Quercus,19368,species,,0
Overcup oak,Overcup oak,Quercus lyrata,Quercus,19278,species,,0
Bur oak,Bur oak,Quercus macrocarpa,Quercus,19287,species,,0
Blackjack oak,Blackjack oak,Quercus marilandica,Quercus,19374,species,,0
Swamp chestnut oak,Swamp chestnut oak,Quercus michauxii,Quercus,19279,species,,0
Chestnut oak,Chestnut oak,Quercus montana,Quercus,19379,species,,0
Quercus montana,Quercus montana,Quercus montana,Quercus,19379,species,,0
Water oak,Water oak,Quercus nigra,Quercus,19280,species,,0
Cherrybark oak,Cherrybark oak,Quercus pagoda,Quercus,195195,species,,0
Pin oak,Pin oak,Quercus palustris,Quercus,19281,species,,0
Willow oak,Willow oak,Quercus phellos,Quercus,19282,species,,0
Quercus robur,Quercus robur,Quercus robur,Quercus,19405,species,,0
Northern red oak,Northern red oak,Quercus rubra,Quercus,19408,species,,0
Red oak,Red oak,Quercus rubra,Quercus,19408,species,,0
Black oak,Black oak,Quercus velutina,Quercus,19447,species,,0
Live oak,Live oak,Quercus virginiana,Quercus,19283,species,,0
Shumard oak,Shumard oak,Quercus shumardii,Quercus,19417,species,,0
Buckthorn,Buckthorn,Rhamnus,Rhamnus,28561,genus,,0
Common buckthorn,Common buckthorn,Rhamnus cathartica,Rhamnus,28573,species,,0
Rhamnus cathartica,Rhamnus cathartica,Rhamnus cathartica,Rhamnus,28573,species,,0
Frangula alnus,Frangula alnus,Rhamnus frangula,Rhamnus,28579,species,,0
Azalea,Azalea,Rhododendron,Rhododendron,23700,genus,,0
Rhododendron,Rhododendron,Rhododendron,Rhododendron,23700,genus,,0
Florida azalea,Florida azalea,Rhododendron austrinum,Rhododendron,23705,species,,0
Rhododendron austrinum,Rhododendron austrinum,Rhododendron austrinum,Rhododendron,23705,species,,0
Rhododendron canescens,Rhododendron canescens,Rhododendron canescens,Rhododendron,23712,species,,0
Catawba rhododendron,Catawba rhododendron,Rhododendron catawbiense,Rhododendron,23714,species,,0
Piedmont azalea,Piedmont azalea,Rhododendron flammeum,Rhododendron,23717,species,,0
Plumleaf azalea,Plumleaf azalea,Rhododendron prunifolium,Rhododendron,23728,species,,0
Coastal azalea,Coastal azalea,Rhododendron atlanticum,Rhododendron,23704,species,,0
Great rhododendron,Great rhododendron,Rhododendron maximum,Rhododendron,23721,species,,0
Jetbead,Jetbead,Rhodotypos scandens,Rhodotypos,25298,species,,0
Sumac,Sumac,Rhus,Rhus,28772,genus,,0
Rhus copallinum,Rhus copallinum,Rhus copallinum,Rhus,504754,species,,0
Rhus glabra,Rhus glabra,Rhus glabra,Rhus,28782,species,,0
Rhus typhina,Rhus typhina,Rhus typhina,Rhus,28777,species,,0
Black locust,Black locust,Robinia pseudoacacia,Robinia,504804,species,,0
Rose,Rose,Rosa,Rosa,24807,genus,,0
Multiflora rose,Multiflora rose,Rosa multiflora,Rosa,24833,species,,0
Brambles,Brambles,Rubus,Rubus,24848,genus,,0
Wineberry,Wineberry,Rubus phoenicolasius,Rubus,25017,species,,0
Willow,Willow,Salix,Salix,22476,genus,,0
Weeping willow,Weeping willow,Salix babylonica,Salix,837788,species,,0
Black willow,Black willow,Salix nigra,Salix,22484,species,,0
Elderberry,Elderberry,Sambucus,Sambucus,35315,species,,0
Red elderberry,Red elderberry,Sambucus racemosa,Sambucus,35326,species,,0
Sassafras,Sassafras,Sassafras,Sassafras,18157,genus,,0
American mountain-ash,American mountain-ash,Sorbus americana,Sorbus,25319,species,,0
American bladdernut,American bladdernut,Staphylea trifolia,Staphylea,28646,species,,0
Stewartia rostrata,Stewartia rostrata,Stewartia,Stewartia,21389,genus,,0
Japanese snowbell,Japanese snowbell,Styrax japonicus,Styrax,505974,species,,0
Symplocos tinctoria,Symplocos tinctoria,Symplocos tinctoria,Symplocos,23878,species,,0
Lilac,Lilac,Syringa,Syringa,32994,genus,,0
Syringa reticulata,Syringa reticulata,Syringa reticulata,Syringa,507196,species,,0
Bald cypress,Bald cypress,Taxodium distichum,Taxodium,18041,species,,0
Yew,Yew,Taxus,Taxus,194882,genus,,1
Northern white-cedar,Northern white-cedar,Thuja occidentalis,Thuja,505490,species,,1
White cedar,White cedar,Thuja occidentalis,Thuja,505490,species,,1
American basswood,American basswood,Tilia americana,Tilia,21536,species,,0
Basswood,Basswood,Tilia americana,Tilia,21536,species,,0
Littleleaf linden,Littleleaf linden,Tilia cordata,Tilia,505507,species,,0
Tilia cordata,Tilia cordata,Tilia cordata,Tilia,505507,species,,0
Tilia x europaea,Tilia x europaea,Tilia X europaea,Tilia,21538,species,,0
Chinese tallowtree,Chinese tallowtree,Triadica sebifera,Triadica,522777,species,,0
Eastern hemlock,Eastern hemlock,Tsuga canadensis,Tsuga,183397,species,,1
Carolina hemlock,Carolina hemlock,Tsuga caroliniana,Tsuga,183399,species,,1
Elm,Elm,Ulmus,Ulmus,19048,genus,,0
Ulmus,Ulmus,Ulmus,Ulmus,19048,genus,,0
Winged elm,Winged elm,Ulmus alata,Ulmus,19051,species,,0
American elm,American elm,Ulmus americana,Ulmus,19049,species,,0
Siberian elm,Siberian elm,Ulmus pumila,Ulmus,19057,species,,0
Slippery elm,Slippery elm,Ulmus rubra,Ulmus,19050,species,,0
White elm,White elm,Ulmus americana,Ulmus,19049,species,,0
California laurel,California laurel,Umbellularia californica,Umbellularia,18208,species,,0
Blueberry,Blueberry,Vaccinium,Vaccinium,23571,genus,,0
Vaccinium,Vaccinium,Vaccinium,Vaccinium,23571,genus,,0
Highbush blueberry,Highbush blueberry,Vaccinium corymbosum,Vaccinium,23573,species,,0
Vaccinium caesariense,Vaccinium caesariense,Vaccinium corymbosum,Vaccinium,23573,species,,0
Vaccinium corymbosum,Vaccinium corymbosum,Vaccinium corymbosum,Vaccinium,23573,species,,0
Vaccinum corymbosum,Vaccinum corymbosum,Vaccinium corymbosum,Vaccinium,23573,species,,0
Vaccineum stamineum,Vaccineum stamineum,Vaccinium stamineum,Vaccinium,233615,species,,0
Tungoil tree,Tungoil tree,Vernicia fordii,Vernicia,505662,species,,0
Viburnum,Viburnum,Viburnum,Viburnum,35249,genus,,0
Mapleleaf viburnum,Mapleleaf viburnum,Viburnum acerifolium,Viburnum,35255,species,,0
Vibirnum dentatum,Vibirnum dentatum,Viburnum dentatum,Viburnum,35251,species,,0
Viburnum dentatum,Viburnum dentatum,Viburnum dentatum,Viburnum,35251,species,,0
Viburnum dilatatum,Viburnum dilatatum,Viburnum dilatatum,Viburnum,505677,species,,0
Viburnum lentago,Viburnum lentago,Viburnum lentago,Viburnum,35266,species,,0
Possumhaw viburnum,Possumhaw viburnum,Viburnum nudum,Viburnum,35252,species,,0
Viburnum nudum,Viburnum nudum,Viburnum nudum,Viburnum,35252,species,,0
Viburnum plicatum,Viburnum plicatum,Viburnum plicatum,Viburnum,35272,species,,0
Blackhaw,Blackhaw,Viburnum prunifolium,Viburnum,35253,species,,0
Viburnum rufidulum,Viburnum rufidulum,Viburnum rufidulum,Viburnum,35274,species,,0
Viburnum cassinoide,Viburnum cassinoide,Viburnum nudum,Viburnum,35252,species,,0
Viburnum trilobum,Viburnum trilobum,Viburnum opulus,Viburnum,35270,species,,0
Canyon grape,Canyon grape,Vitis arizonica,Vitis,28612,species,,0
Wisteria,Wisteria,Wisteria,Wisteria,27019,genus,,0
Japanese zelkova,Japanese zelkova,Zelkova serrata,Zelkova,505790,species,,0
Zelkova serrata,Zelkova serrata,Zelkova serrata,Zelkova,505790,species,,0
Birch spp.,Birch,Betula,Betula,19478,genus,,0
N/A,NA,NA,NA,NA,NA,,0
Elm spp.,Elm,Ulmus,Ulmus,19048,genus,,0
Hop hornbeam,Hophornbeam,Ostrya,Ostrya,19508,genus,,0
Dogwood spp.,Dogwood,Cornus,Cornus,27798,genus,,0
Basswood spp.,Basswood,Tilia,Tilia,21535,genus,,0
Honey suckle,Honeysuckle,Lonicera,Lonicera,35281,genus,,0
Hydrangeas,Hydrangea,Hydrangea,Hydrangea,24194,species,,0
Serviceberry spp.,Serviceberry,Amelanchier,Amelanchier,25108,species,,0
Hackberry spp.,Hackberry,Celtis,Celtis,19039,genus,,0
Hickory spp.,Hickory,Carya,Carya,19223,genus,,0
Cherry and plum spp.,Cherry plum,Prunus,Prunus,24772,species,,0
Prunus spp.,Prunus,Prunus,Prunus,24772,species,,0
Vaccinium spp,Vaccinium,Vaccinium,Vaccinium,23571,species,,0
Rhododendron sp,Rhododendron,Rhododendron,Rhododendron,23700,species,,0
White fir,White fir,Abies concolor,Abies,181826,species,,1
Maple spp.,Maple,Acer,Acer,28727,species,,0
Oak spp.,Oak,Quercus,Quercus,19276,genus,,0
Quercus spp.,Quercus,Quercus,Quercus,19276,genus,,0
White-cedar spp.,White-cedar,Chamaecyparis thyoides,Chamaecyparis,18046,species,,0
Magnolia spp.,Magnolia,Magnolia,Magnolia,18069,genus,,0
Ironwood,Ironwood,Olneya tesota,Olneya,26808,species,,0
Blueberry vaccinium sp.,Blueberry,Vaccinium,Vaccinium,23571,genus,,0
Maple leaf viburnum,Mapleleaf viburnum,Viburnum acerifolium,Viburnum,35255,species,,0
Hawthorn spp.,Hawthorn,Crataegus,Crataegus,24539,genus,,0
Willow spp.,Willow,Salix,Salix,22476,genus,,0
Red osier dogwood,Redosier dogwood,Cornus sericea,Cornus,501637,species,,0
Apple spp.,Apple,Malus,Malus,25254,genus,,0
Simplocos tinctoria,Symplocos tinctoria,Symplocos tinctoria,Symplocos,23878,species,,0
Walnut spp.,Walnut,Juglans,Juglans,19248,genus,,0
Hop-hornbeam,Hophornbeam,Ostrya,Ostrya,19508,genus,,0
Red-osier dogwood,Redosier dogwood,Cornus sericea,Cornus,501637,species,,0
Ulmus sp.,Elm,Ulmus,Ulmus,19048,genus,,0
American yellowwood,Yellowwood,Cladrastis kentukea,Cladrastis,26539,species,,0
Red osier dogwood (cornus sericea),Redosier dogwood,Cornus sericea,Cornus,501637,species,,0
Ash spp.,Ash,Fraxinus,Fraxinus,32928,genus,,0
Alder spp.,Alder,Alnus,Alnus,19466,genus,,0
Unknown,NA,NA,NA,NA,NA,,NA
Buckeye spp.,Buckeye,Aesculus,Aesculus,28714,genus,,0
Beech spp.,Beech,Fagus,Fagus,19461,genus,,0
Rhododendron spp.,Rhododendron,Rhododendron,Rhododendron,23700,species,,0
Clerya spp.,Clerya,Unknown,Unknown,NA,genus,possibly Cleyera?,0
Camellia spp.,Camellia,Camellia,Camellia,500689,genus,,0
Catalpa spp.,Catalpa,Catalpa,Catalpa,34312,genus,,0
Azalea spp.,Azalea,Rhododendron,Rhododendron,23700,species,,0
Symplocos tinctotria,Symplocos tinctoria,Symplocos tinctoria,Symplocos,23878,species,,0
Pear tree,Pear,Pyrus,Pyrus,25294,genus,,0
Sweet gum,Sweetgum,Liquidambar,Liquidambar,19026,species,,0
Sumac?,Sumac,Rhus,Rhus,28772,genus,,0
Sumac spp.,Sumac,Rhus,Rhus,28772,genus,,0
Mulberry spp.,Mulberry,Morus,Morus,19064,genus,,0
Quihoui???,Waxyleaf privet,Ligustrum quihoui,Ligustrum,32978,species,,0
Olive quihoui??,Waxyleaf privet,Ligustrum quihoui,Ligustrum,32978,species,,0
Privet spp.,Privet,Ligustrum,Ligustrum,32973,genus,,0
Bush honeysuckle (caprifoliaceae family),Bush honeysuckle,Diervilla,Diervilla,35309,genus,,0
Box elder (acer negundo),Boxelder,Acer negundo,Acer,28749,species,,0
Sycamore spp.,Sycamore,Platanus,Platanus,19019,genus,,0
Calycanthus sp.,Calycanthus,Calycanthus,Calycanthus,18139,genus,,0
Blueberry spp.,Blueberry,Vaccinium,Vaccinium,23571,genus,,0
Boxelder maple,Boxelder maple,Acer negundo,Acer,28749,species,,0
California-laurel,California laurel,Umbellularia,Umbellularia,18207,species,,0
Viburnum spp.,Viburnum,Viburnum,Viburnum,35249,genus,,0
American witch-hazel,American witchhazel,Hamamelis virginiana,Hamamelis,19033,species,,0
Hawthorn sp.,Hawthorn,Crataegus,Crataegus,24539,genus,,0
8,NA,NA,NA,NA,NA,,0
9,NA,NA,NA,NA,NA,,0
Viburnum sp,Viburnum,Viburnum,Viburnum,35249,genus,,0
Persimmon spp.,Persimmon,Diospyros,Diospyros,23853,genus,,0
Crab apple sp,Apple,Malus,Malus,25254,genus,,0
Yew spp.,Yew,Taxus,Taxus,194882,genus,,1
Honeysuckle spp.,Honeysuckle,Lonicera,Lonicera,35281,genus,,0
Burr oak,Bur oak,Quercus macrocarpa,Quercus,19287,species,,0
Buxus spp.,Buxus,Buxus,Buxus,28022,genus,,0
Yaupon,Yaupon,Ilex vomitoria,Ilex,27986,species,,0
Pear spp.,Pear,Pyrus,Pyrus,25294,genus,,0
Ficus spp.,Ficus,Ficus,Ficus,19081,species,,0
Carpinus spp.,Carpinus,Carpinus,Carpinus,19503,species,,0
Feijoa sellowiana,Acca sellowiana,Acca sellowiana,Acca,834974,species,,0
Olea spp.,Olea,Olea,Olea,32989,genus,,0
Osmanthus fragrans,Osmanthus fragrans,Osmanthus fragrans,Osmanthus,505977,species,,0
Illicium spp.,Illicium,Illicium,Illicium,18082,genus,,0
Magnolia figo,Magnolia figo,Magnolia figo,Magnolia,NA,species,according to Global Names Resolver it's recognized in databases like Open Tree of Life Reference Taxonomy,0
Asimina spp.,Asimina,Asimina,Asimina,18108,genus,,0
Eastern sweet shrub,Eastern sweetshrub,Calycanthus floridus,Calycanthus,18142,species,,0
Lilac spp.,Lilac,Syringa,Syringa,32994,genus,,0
Virburnum,Viburnum,Viburnum,Viburnum,35249,genus,,0
Gardenia spp.,Gardenia,Gardenia,Gardenia,35159,genus,,0
Forsythia spp.,Forsythia,Forsythia,Forsythia,32961,genus,,0
Carolina laurel cherry,Carolina laurelcherry,Prunus caroliniana,Prunus,24771,species,,0
White spruce,White spruce,Picea glauca,Picea,183295,species,,1
Cherry spp.,Cherry,Prunus,Prunus,24762,genus,,0
Amelanchier alnifolia,Amelanchier alnifolia,Amelanchier alnifolia,Amelanchier,25109,species,,0
Green alder,Green alder,Alnus viridis,Alnus,181892,species,,0
Buxus sempervirens,Buxus sempervirens,Buxus sempervirens,Buxus,501097,species,,0
Euonymus japonicus,Euonymus japonicus,Euonymus japonicus,Euonymus,894987,species,,0
Nerium oleander,Nerium oleander,Nerium oleander,Nerium,30184,species,,0
Viburnum tinus,Viburnum tinus,Viburnum tinus,Viburnum,505680,species,,0
Nothoscordum gracile (onionweed),Nothoscordum gracile,Nothoscordum gracile,Nothoscordum,503967,species,,0
Texas sophora,Styphnolobium affine,Styphnolobium affine,Styphnolobium,820256,species,,0
Lombardy poplar,Lombardy's poplar,Populus nigra,Populus,22468,species,,0
Yucca rostrata,Yucca rostrata,Yucca rostrata,Yucca,43150,species,,0
American beautyberry,American beautyberry,Callicarpa americana,Callicarpa,32144,species,,0
Carolina cherry laurel,Carolina laurelcherry,Prunus caroliniana,Prunus,24771,species,,0
Gum bumelia,Gum bully,Sideroxylon lanuginosum,Sideroxylon,505219,species,,0
Leatherleaf mahonia,Beale's barberry,Berberis bealei,Berberis,509499,species,,0
Stretchberry,Stretchberry,Forestiera pubescens,Forestiera,32957,species,,0
Chinese holly,Chinese holly,Ilex cornuta,Ilex,503155,species,,0
Heavenly bamboo,Heavenly bamboo,Nandina domestica,Nandina,18848,species,,0
Groundsel tree,Eastern baccharis,Baccharis halimifolia,Baccharis,35682,species,,0
Chinese privet,Chinese privet,Ligustrum sinense,Ligustrum,32979,species,,0
Fishpole bamboo,Golden bamboo,Phyllostachys aurea,Phyllostachys,42023,species,,0
Japanese spindle tree,Japanese spindletree,Euonymus japonicus,Euonymus,894987,species,,0
Common gardenia,Common gardenia,Gardenia volkensii,Gardenia,845972,species,,0
Tree privet,Tree privet,Ligustrum lucidum,Ligustrum,503450,species,,0
Reeves spiraea,Reeve's meadowsweet,Spiraea cantoniensis,Spiraea,505334,species,,0
Buttonwood-mangrove,Button mangrove,Conocarpus erectus,Conocarpus,27766,species,,0
Strawberry bush,Strawberry bush,Euonymus americanus,Euonymus,27947,species,,0
Winged eonymous,Winged euonymus,Euonymus alatus,Euonymus,27946,species,,0
Viburnum rhytidophyllum,Viburnum rhytidophyllum,Viburnum rhytidophyllum,Viburnum,505679,species,,0
Silver poplar,White poplar,Populus alba,Populus,22451,species,,0
Mountain maple,Mountain maple,Acer spicatum,Acer,28758,species,,0
Carolina laurelcherry,Carolina laurelcherry,Prunus caroliniana,Prunus,24771,species,,0
Bigleaf snowbell,Bigleaf snowbell,Styrax grandifolius,Styrax,505399,species,,0
American sweetgum,American sweetgum,Liquidambar styraciflua,Liquidambar,19027,species,,0
Sweetbay magnolia,Sweetbay,Magnolia virginiana,Magnolia,18070,species,,0
Prunus spp. (apricot),Prunus,Prunus,Prunus,24762,genus,,0
Prunus spp. (cherry),Prunus,Prunus,Prunus,24762,genus,,0
Punica spp.,Punica,Punica,Punica,27277,genus,,0
Camptotheca spp.,Camptotheca,Camptotheca,Camptotheca,500635,species,,0
Viburnum awabuki,Sweet arrowwood,Viburnum odoratissimum,Viburnum,505678,species,,0
Eriobotrya japonica,Eriobotrya japonica,Eriobotrya japonica,Eriobotrya,502403,species,,0
Silverbell spp.,Silverbell,Halesia,Halesia,23863,species,,0
Black haw,Black haw,Viburnum prunifolium,Viburnum,35253,species,,0
Pussy willow,Pussy willow,Salix discolor,Salix,22524,species,,0
Prunus spp.(plum),Prunus,Prunus,Prunus,24762,genus,,0
Cockspur hawthorn,Cockspur hawthorn,Crataegus crus-galli,Crataegus,24552,species,,0
Honey locust,Honey locust,Gleditsia triacanthos,Gleditsia,26714,species,,0
Winged euonymus,Winged euonymus,Euonymus alatus,Euonymus,27946,species,,0
Prunus laurocerasus,Prunus laurocerasus,Prunus laurocerasus,Prunus,24786,species,,0
Japanese cherry,Japanese flowering cherry,Prunus serrulata,Prunus,506233,species,,0
Alnus crispa,Alnus viridis ssp. crispa,Alnus viridis ssp. crispa,Alnus,181894,species,,0
Rosa acicularis,Rosa acicularis,Rosa acicularis,Rosa,24812,species,,0
Rubus idaeus,Rubus idaeus,Rubus idaeus,Rubus,24947,species,,0
Lonicera involucrata,Lonicera involucrata,Lonicera involucrata,Lonicera,35297,species,,0
Franklin tree,Franklin tree,Franklinia alatamaha,Franklinia,21384,species,,0
Crepe myrtle spp.,Crepe myrtle,Lagerstroemia,Lagerstroemia,27109,genus,,0
Prunus salicina,Prunus salicina,Prunus salicina,Prunus,506232,species,,0
Na,NA,NA,NA,NA,NA,,NA
Tilia tomentosa,Tilia tomentosa,Tilia tomentosa,Tilia,845764,species,,0
Ulmus carpinifolia,Ulmus procera,Ulmus procera,Ulmus,19056,species,,0
Pitch pine,Pitch pine,Pinus rigida,Pinus,183376,species,,1
Sassafras spp.,Sassafras,Sassafras,Sassafras,18157,genus,,0
Cedar elm,Cedar elm,Ulmus crassifolia,Ulmus,19052,species,,0
Loblolly pine,Loblolly pine,Pinus taeda,Pinus,18037,species,,1
Prickly ash,Pricklyash,Zanthoxylum,Zanthoxylum,28849,species,,0
Fremont cottonwood,Fremont's cottonwood,Populus fremontii,Populus,22459,species,,0
Rosa spp.,Rosa,Rosa,Rosa,24807,species,,0
Cypress spp.,Cypress,Cupressus,Cupressus,183455,genus,,0
Elderberry spp.,Elderberry,Sambucus,Sambucus,35315,genus,,0
Eastern cottonwood,Eastern cottonwood,Populus deltoides,Populus,22445,species,,0
"Azalea, rhododendron spp.",Rhododendron,Rhododendron,Rhododendron,23700,genus,,0
Post oak,Post oak,Quercus stellata,Quercus,19422,species,,0
Shortleaf pine,Shortleaf pine,Pinus echinata,Pinus,183335,species,,1
Syringa vulgaris,Syringa vulgaris,Syringa vulgaris,Syringa,32996,species,,0
Horse chestnut,Horse chestnut,Aesculus hippocastanum,Aesculus,28721,species,,0
Arizona white oak,Arizona white oak,Quercus arizonica,Quercus,19292,species,,0
Norway spruce,Norway spruce,Picea abies,Picea,183289,species,,1
Shining willow,Shining willow,Salix lucida,Salix,22554,species,,0
Myrobalan plum,Myrobalan plum,Prunus cerasifera,Prunus,24772,species,,0
Magnolia kobus,Magnolia kobus,Magnolia kobus,Magnolia,895295,species,,0
Prunus serulata (japanese cherry blossom),Prunus serrulata,Prunus serrulata,Prunus,506233,species,,0
Prunus sargentii,Prunus sargentii,Prunus sargentii,Prunus,NA,species,according to Global Names Resolver it's recognized in databases like The International Plant Names Index,0
Amelanchier,Amelanchier,Amelanchier,Amelanchier,25108,genus,,0
Prunus rosaceae,Prunus,Prunus,Prunus,24762,genus,,0
Staghorn sumac,Staghorn sumac,Rhus typhina,Rhus,28777,species,,0
Cottonwood and poplar spp.,Populus,Populus,Populus,22444,genus,,0
Buckthorn spp.,Buckthorn,Rhamnus,Rhamnus,28561,genus,,0
Quercus hemispherica,Quercus hemisphaerica,Quercus hemisphaerica,Quercus,195108,species,,0
Prunus umbellata,Prunus umbellata,Prunus umbellata,Prunus,24805,species,,0
Ilex ambigua,Ilex ambigua,Ilex ambigua,Ilex,27987,species,,0
Hibiscus coccineus albus,Hibiscus coccineus,Hibiscus coccineus,Hibiscus,21625,species,,0
Quercus nuttallii,Quercus texana,Quercus texana,Quercus,195188,species,,0
Hibiscus moscheutos,Hibiscus moscheutos,Hibiscus moscheutos,Hibiscus,21612,species,,0
Eastern redcedar,Eastern redcedar,Juniperus virginiana,Juniperus,18048,species,,1
Southern arrowwood,Southern arrowwood,Viburnum dentatum,Viburnum,35251,species,,0
Cucumbertree,Cucumbertree,Magnolia acuminata,Magnolia,18071,species,,0
Redcedar/juniper spp.,Juniperus,Juniperus,Juniperus,18047,genus,,1
Red pine,Red pine,Pinus resinosa,Pinus,183375,species,,1
Witch-hazel,Witch hazel,Hamamelidaceae,Hamamelidaceae,19025,genus,,0
Winged sumac,Winged sumac,Rhus copallinum,Rhus,504754,species,,0
Lonicera sempervirens,Lonicera sempervirens,Lonicera sempervirens,Lonicera,35303,species,,0
Water hickory,Water hickory,Carya aquatica,Carya,845188,species,,0
Blackgum tupelo,Blackgum,Nyssa sylvatica,Nyssa,27821,species,,0
Yaupon holly,Yaupon,Ilex vomitoria,Ilex,27986,species,,0
Chastetree,Chastetree,Vitex,Vitex,32220,genus,,0
Duranta,Duranta,Duranta,Duranta,32168,genus,,0
Golden thryallis,Galphimia glauca,Galphimia glauca,Galphimia,847560,species,,0
Lantana,Lantana,Lantana,Lantana,32173,genus,,0
Southern red cedar,Southern red-cedar,Juniperus virginiana var. silicicola,Juniperus,528648,species,,1
Cabbage palmetto,Cabbage palmetto,Sabal palmetto,Sabal,42506,species,,0
Silverberry,Silverberry,Elaeagnus commutata,Elaeagnus,27771,species,,0
Loropetalum,Loropetalum,Loropetalum,Loropetalum,NA,genus,according to Global Names Resolver it's recognized in databases like Open Tree of Life Reference Taxonomy,0
Chinese elm,Chinese elm,Ulmus parvifolia,Ulmus,19055,species,,0
Windy salvia,Salvia,Salvia,Salvia,32680,genus,a hybrid I believe,0
Eastern baccharis,Eastern baccharis,Baccharis halimifolia,Baccharis,35682,species,,0
Pine spp.,Pine,Pinus,Pinus,18035,genus,,1
Nannyberry,Nannyberry,Viburnum lentago,Viburnum,35266,species,,0
Hophornbeam spp.,Hophornbeam,Ostrya,Ostrya,19508,genus,,0
Tree of heaven,Tree of heaven,Ailanthus altissima,Ailanthus,28827,species,,0
Tupelo spp.,Tupelo,Nyssa,Nyssa,27820,genus,,0
Hazelnut spp.,Hazelnut,Corylus,Corylus,19505,genus,,0
Fringetree spp.,Fringetree,Chionanthus,Chionanthus,32948,species,,0
Spicebush spp.,Spicebush,Lindera,Lindera,18146,genus,,0
Bebb willow,Bebb's willow,Salix bebbiana,Salix,22507,species,,0
Dpwny arrowwood,Downy arrowwood,Viburnum rafinesqueanum,Viburnum,823482,species,,0
Downy arrowwood,Downy arrowwood,Viburnum rafinesqueanum,Viburnum,823482,species,,0
Deutzia spp.,Deutzia,Deutzia,Deutzia,24324,genus,,0
Fig spp.,Fig,Ficus,Ficus,19081,genus,,0
Muscadine,Muscadine,Vitis rotundifolia,Vitis,28609,species,,0
Freeman maple,Freeman's maple,Acer X freemanii,Acer,500949,species,,0
Beaked hazelnut,Beaked hazelnut,Corylus cornuta,Corylus,19507,species,,0
Locust spp.,Locust,Robinia,Robinia,26184,genus,,0
Salvia,Salvia,Salvia,Salvia,32680,species,NA,0
Virginia roundleaf birch,Virginia roundleaf birch,Betula uber,Betula,19502,species,NA,0
Japanese snowball,Japanese snowball,Viburnum plicatum,Viburnum,35272,species,NA,0
Bigtooth maple,Bigtooth maple,Acer grandidentatum,Acer,28760,species,NA,0
Viburnum lantana,Viburnum lantana,Viburnum lantana,Viburnum,35264,species,NA,0
Linden arrowwood,Linden arrowwood,Viburnum dilatatum,Viburnum,505677,species,NA,0
Fraser fir,Fraser fir,Abies fraseri,Abies,181829,species,NA,1
Red spruce,Red spruce,Picea rubens,Picea,18034,species,NA,1
Pinkshell azalea,Pinkshell azalea,Rhododendron vaseyi,Rhododendron,23730,species,NA,0
Crapemyrtle,Crapemyrtle,Lagerstroemia indica,Lagerstroemia,27110,species,NA,0
Smooth sumac,Smooth sumac,Rhus glabra,Rhus,28782,species,NA,0
Chinkapin oak,Chinkapin oak,Quercus muehlenbergii,Quercus,504714,species,NA,0
Box elder,Box elder,Acer negundo,Acer,28749,species,NA,0
Clethra alnifolia,Clethra alnifolia,Clethra alnifolia,Clethra,23454,species,NA,0
Mountain-ash spp.,Mountain-ash,Sorbus,Sorbus,25318,genus,NA,0
Gambel oak,Gambel's oak,Quercus gambelii,Quercus,19337,genus,NA,0
Boxwood spp.,Buxus,Buxus,Buxus,28022,genus,NA,0
L,NA,NA,NA,NA,NA,NA,0
Sweetshrub spp.,Sweetshrub,Calycanthus,Calycanthus,18139,genus,NA,0
Hornbeam spp.,Hornbeam,Carpinus,Carpinus,19503,genus,NA,0
Chestnut spp.,Chestnut,Castanea,Castanea,19451,genus,NA,0
Chickasaw plum,Chickasaw plum,Prunus angustifolia,Prunus,NA,species,,0
Prunus angustifolia,Prunus angustifolia,Prunus angustifolia,Prunus,NA,species,,0
Euonymus,Euonymus,Euonymus,Euonymus,27945,genus,NA,NA
Balsam fir,Balsam fir,Abies balsamea,Abies,18032,species,NA,NA
Minniebush,Minniebush,Menziesia pilosa,Menziesia,23685,species,NA,NA
Cornus racemosa,Cornus racemosa,Cornus racemosa,Cornus,501635,species,NA,NA
Coastal plain willow,Coastal plain willow,Salix caroliniana,Salix,22516,species,NA,NA
Viburnum opulus,Viburnum opulus,Viburnum opulus,Viburnum,35270,species,NA,NA
Burningbush,Burningbush,Euonymus alatus,Euonymus,27946,species,NA,NA
Northern bayberry,Northern bayberry,Morella pensylvanica,Morella,507904,species,NA,NA
Coastal sweetpepperbush,Coastal sweetpepperbush,Clethra alnifolia,Clethra,23454,species,NA,NA
Desert olive,Desert olive,Forestiera pubescens,Forestiera,32957,species,NA,NA
Nanking cherry,Nanking cherry,Prunus tomentosa,Prunus,504627,species,NA,NA
Allegheny blackberry,Allegheny blackberry,Rubus allegheniensis,Rubus,24866,species,NA,NA
Japanese yew,Japanese yew,Taxus cuspidata,Taxus,194886,species,NA,NA
Star magnolia,Star magnolia,Magnolia stellata,Magnolia,506192,species,NA,NA
Scarlet hawthorn,Scarlet hawthorn,Crataegus coccinea,Crataegus,24549,species,NA,NA
Oriental arborvitae,Oriental arborvitae,Platycladus orientalis,Platycladus,183445,species,NA,NA
Burning bush,Burning bush,Euonymus alatus,Euonymus,27946,species,NA,NA
Rosa nutkana,Rosa nutkana,Rosa nutkana,Rosa,24835,species,NA,NA
Western serviceberry,Western serviceberry,Amelanchier alnifolia,Amelanchier,25109,species,NA,NA
Western redcedar,Western redcedar,Thuja plicata,Thuja,18044,species,NA,NA
Rubus spectabilis,Rubus spectabilis,Rubus spectabilis,Rubus,25051,species,NA,NA
Oemleria cerasiformis,Oemleria cerasiformis,Oemleria cerasiformis,Oemleria,25268,species,NA,NA
Western hemlock,Western hemlock,Tsuga heterophylla,Tsuga,183400,species,NA,NA
Vaccinium parvifolium,Vaccinium parvifolium,Vaccinium parvifolium,Vaccinium,23612,species,NA,NA
Rhododendron groenlandicum,Rhododendron groenlandicum,Rhododendron groenlandicum,Rhododendron,520050,species,NA,NA
Douglas-fir,Douglas-fir,Pseudotsuga menziesii,Pseudotsuga,183424,species,NA,NA
Populus trichocarpa,Populus trichocarpa,Populus trichocarpa,Populus,195735,species,NA,NA
Spiraea douglasii,Spiraea douglasii,Spiraea douglasii,Spiraea,25334,species,NA,NA
Western white pine,Western white pine,Pinus monticola,Pinus,183356,species,NA,NA
Grand fir,Grand fir,Abies grandis,Abies,183284,species,NA,NA
Acer circinatum,Acer circinatum,Acer circinatum,Acer,28740,species,NA,NA
Red alder,Red alder,Alnus rubra,Alnus,19474,species,NA,NA
Sweetleaf,Sweetleaf,Symplocos tinctoria,Symplocos,23878,species,NA,NA
Eastern white cedar,Eastern white cedar,Thuja occidentalis,Thuja,505490,species,NA,NA
Allegheny serviceberry,Allegheny serviceberry,Amelanchier arborea,Amelanchier,25110,species,NA,NA
Peachleaf willow,Peachleaf willow,Salix amygdaloides,Salix,22499,species,NA,NA
Wayfaring tree,Wayfaring tree,Viburnum lantana,Viburnum,35264,species,NA,NA
"Used to be n/a, did not check location change box",NA,NA,NA,NA,NA,NA,NA
Used to be white fir did not check location change box,NA,NA,NA,NA,NA,NA,NA
Malus spp. (northern spy),Malus domestica,Malus domestica,Malus,516655,species,NA,NA
Prunus spp. (mount royal plum),Prunus domestica,Prunus domestica,Prunus,24774,species,NA,NA
Aesculus carnea (x hippocastanum & pavia),Aesculus X carnea,Aesculus X carnea,Aesculus,507853,species,NA,NA
Used to be oak spp and checked location change box,NA,NA,NA,NA,NA,NA,NA
Japanes tree lilac,Syringa reticulata,Syringa reticulata,Syringa,507196,species,NA,NA
Swamp red oak,Quercus shumardii,Quercus shumardii,Quercus,19417,species,NA,NA
Crab apple spp,Malus,Malus,Malus,25254,genus,NA,NA
Crab apple,Malus,Malus,Malus,25254,genus,NA,NA
Canada plum,Prunus nigra,Prunus nigra,Prunus,24796,species,NA,NA
Asian pear,Pyrus pyrifolia,Pyrus pyrifolia,Pyrus,25296,species,NA,NA
Dove tree,Davidia involucrata,NA,NA,NA,NA,NA,NA
Sambucus pubens,Sambucus racemosa,Sambucus racemosa,Sambucus,35326,species,NA,NA
Currant spp.,Ribes,Ribes,Ribes,24448,genus,NA,NA
Common hibiscus,Hibiscus,Hibiscus,Hibiscus,21611,genus,NA,NA
Fir spp.,Abies,Abies,Abies,18031,genus,NA,NA
Spruce spp.,Picea,Picea,Picea,18033,genus,NA,NA
Eugenia foetida - spanish stopper,Eugenia foetida,Eugenia foetida,Eugenia,27208,species,NA,NA
Coccoloba diversifolia - pigeon plum,Coccoloba diversifolia,Coccoloba diversifolia,Coccoloba,21038,species,NA,NA
Capparis cynophallophora - jamaican caper,Quadrella cynophallophora,Quadrella cynophallophora,Quadrella,823036,species,NA,NA
Krugiodendron ferreum - ironwood,Krugiodendron ferreum,Krugiodendron ferreum,Krugiodendron,28558,species,NA,NA
Ardisia escallonioides - marlberry,Ardisia escallonioides,Ardisia escallonioides,Ardisia,836229,species,NA,NA
Psychotria tenuifolia - wild coffee,Psychotria tenuifolia,Psychotria tenuifolia,Psychotria,35128,species,NA,NA
Eugenia axillaris - white stopper,Eugenia axillaris,Eugenia axillaris,Eugenia,27199,species,NA,NA
Gymnanthes lucida - crabwood,Gymnanthes lucida,Gymnanthes lucida,Gymnanthes,502845,species,NA,NA
Guapira discolor - blolly,Guapira discolor,Guapira discolor,Guapira,19595,species,NA,NA
Spondias purpurea - jocote,Spondias purpurea,Spondias purpurea,Spondias,28817,species,NA,NA
Randia aculeata - white indigoberry,Randia aculeata,Randia aculeata,Randia,35131,species,NA,NA
Common pinyon,Pinus edulis,Pinus edulis,Pinus,183336,species,NA,NA
